#,序号,卷包实际得分,重量平均值,长度平均值,圆周平均值,吸阻平均值,硬度平均值,重量设计值,重量允差,长度设计值,长度允差,圆周设计值,圆周允差,吸阻设计值,吸阻允差,硬度设计值,硬度允差,盒标焦油量(mg),盒标烟气烟碱量(mg),盒标一氧化碳量(mg),平均质量(g),平均吸阻(pa),抽吸口数(口／支),总粒相物(mg),实测水分(mg),实测烟气烟碱量(mg),实测焦油量(mg),焦油量得分,烟气烟碱量得分,实测一氧化碳量(mg),一氧化碳量得分,烟气判定,端部落丝量,端部落丝量判定,含水率,含水率判定,含末率,含末率判定,制丝批次号,批次号,累计批次,主秤后填充值 cm3/g,含水率%,填充值cm3/g,长丝g,中丝g,短丝g,碎丝g,总重,整丝率%,碎丝率%,加香线,水分仪水分
1,1,99.3,0.866,84,24.29,1143,66.08,0.85,0.07,84,0.5,24.2,0.2,1110,200,67,10,11,1,11,0.87,1067,6.8,14.81,2.54,1.07,11.2,80,100,10.9,80,合格,4.7,合格,12,合格,1.56,合格,BJ230215-LLQXB-04A,BJ230215-LLQXB-04A,18,4.81,11.89,5.5,629.5,224.6,182,14,1050.1,81.34%,1.33%,2线,11.98
2,2,99.2,0.889,84.06,24.23,1203,70.76,0.85,0.07,84,0.5,24.2,0.2,1110,200,67,10,11,1,11,0.868,1073,6.8,14.57,2.37,1.08,11.1,80,100,10.5,80,合格,6.5,合格,11.73,合格,1.67,合格,BJ230216-LLQXB-02A,BJ230216-LLQXB-02A,20,5.03,11.95,5.61,552.3,170,147.8,14.8,884.9,81.63%,1.67%,2线,11.78
3,3,98.4,0.873,83.98,24.28,1162,67.07,0.85,0.07,84,0.5,24.2,0.2,1110,200,67,10,11,1,11,0.872,1052,6.6,14.53,2.23,1.07,11.2,80,100,10.9,80,合格,3,合格,11.98,合格,1.73,合格,BJ230217-LLQXB-02A,BJ230217-LLQXB-02A,22,4.81,11.98,5.45,598.5,241.7,195.7,13.7,1049.6,80.05%,1.31%,2线,12
4,4,97.9,0.87,83.87,24.32,1166,68.53,0.85,0.07,84,0.5,24.2,0.2,1110,200,67,10,11,1,11,0.866,1070,6.7,14.5,2.34,1.08,11.1,80,100,10.8,80,合格,5,合格,11.64,合格,1.65,合格,BJ230217-LLQXB-05A,BJ230217-LLQXB-05A,25,5.2,11.94,5.48,616.7,168.2,148.8,11.9,945.6,83.01%,1.26%,2线,12.12
5,5,97.4,0.875,84.03,24.28,1165,69.22,0.85,0.07,84,0.5,24.2,0.2,1110,200,67,10,11,1,11,0.879,1062,6.8,14.88,2.37,1.11,11.4,80,100,10.5,80,合格,5.2,合格,11.77,合格,1.93,合格,BJ230221-LLQXB-02A,BJ230221-LLQXB-02A,31,5.19,12.11,5.48,477.9,188.8,153.5,12.5,832.7,80.06%,1.50%,2线,12.02
6,6,99.1,0.876,84.04,24.19,1193,65.58,0.85,0.07,84,0.5,24.2,0.2,1110,200,67,10,11,1,11,0.864,1063,6.6,13.98,2.07,1.01,10.9,80,100,10.3,80,合格,5,合格,12.02,合格,1.51,合格,BJ230221-LLQXB-02A,BJ230221-LLQXB-02A,31,5.19,12.11,5.48,477.9,188.8,153.5,12.5,832.7,80.06%,1.50%,2线,12.02
7,7,99.1,0.876,83.98,24.19,1157,66.45,0.85,0.07,84,0.5,24.2,0.2,1110,200,67,10,11,1,11,0.859,1087,6.9,12.7,1.42,0.9,10.4,80,100,10.1,100,合格,5.7,合格,11.97,合格,1.44,合格,BJ230228-LLQXB-04A,BJ230228-LLQXB-04A,8,5.23,11.96,5.49,622.3,212.4,187.5,13.6,1035.8,80.59%,1.31%,2线,11.67
8,8,99.5,0.866,84.05,24.21,1184,67.13,0.85,0.07,84,0.5,24.2,0.2,1110,200,67,10,11,1,11,0.85,1228,6.8,13.99,1.94,1,11.1,80,100,11.7,80,合格,4.1,合格,11.82,合格,1.66,合格,BJ230301-LLQXB-03A,BJ230301-LLQXB-03A,15,5.22,12.03,5.51,541.2,208.4,164.9,12.2,926.7,80.89%,1.32%,2线,11.8
9,9,97.7,0.87,83.93,24.3,1155,67.29,0.85,0.07,84,0.5,24.2,0.2,1110,200,67,10,11,1,11,0.846,1201,6.4,13.99,2.09,0.96,10.9,80,100,11.4,80,合格,5.7,合格,11.47,合格,1.65,合格,BJ230302-LLQXB-03A,BJ230302-LLQXB-03A,18,5.04,11.95,5.42,585.9,221.1,177,12.9,996.9,80.95%,1.29%,2线,11.8
10,10,99.6,0.878,83.98,24.23,1183,65.14,0.85,0.07,84,0.5,24.2,0.2,1110,200,67,10,11,1,11,0.86,1223,6.6,14.37,2.13,1.02,11.2,80,100,12.1,80,合格,5.9,合格,12.1,合格,1.91,合格,BJ230303-LLQXB-01A,BJ230303-LLQXB-01A,19,5.13,11.93,5.42,642.8,160.9,134,11,948.7,84.72%,1.16%,2线,11.68
11,11,99.5,0.864,83.85,24.3,1138,68.28,0.85,0.07,84,0.5,24.2,0.2,1110,200,67,10,11,1,11,0.845,1173,6.4,13.8,1.96,0.99,10.9,80,100,11.6,80,合格,4.6,合格,11.52,合格,1.68,合格,BJ230306-LLQXB-01A,BJ230306-LLQXB-01A,中试,5.2,12.06,5.36,545.8,162.8,136.8,10.7,856.1,82.77%,1.25%,2线,11.8
12,12,99.1,0.866,84.01,24.26,1149,66.44,0.85,0.07,84,0.5,24.2,0.2,1110,200,67,10,11,1,11,0.845,1223,6.7,13.98,1.84,1.04,11.1,80,100,11.3,80,合格,4.3,合格,11.79,合格,1.89,合格,BJ230306-LLQXB-02A,BJ230306-LLQXB-02A,27,5.13,11.88,5.43,638.2,230.6,186.8,14.2,1069.8,81.21%,1.33%,2线,11.75
13,13,98.4,0.865,83.97,24.21,1161,66.23,0.85,0.07,84,0.5,24.2,0.2,1110,200,67,10,11,1,11,0.886,1191,6.7,13.44,2.27,0.92,10.3,80,100,12,80,合格,6.8,合格,11.71,合格,1.9,合格,BJ230308-LLQXB-06A,BJ230308-LLQXB-06A,37,4.98,11.91,5.24,496.3,196.8,121.3,12.1,826.5,83.86%,1.46%,2线,11.84
14,14,100,0.862,84.03,24.19,1135,66.42,0.85,0.07,84,0.5,24.2,0.2,1110,200,67,10,11,1,11,0.875,1211,6.6,12.96,2.18,0.81,10,80,100,11.3,80,合格,7.4,合格,11.82,合格,1.92,合格,BJ230310-LLQXB-01A,BJ230310-LLQXB-01A,45,5.02,11.96,5.56,618,245.6,198.8,16.4,1078.8,80.05%,1.52%,2线,11.9
15,15,99.6,0.868,83.93,24.25,1160,66.3,0.85,0.07,84,0.5,24.2,0.2,1110,200,67,10,11,1,11,0.87,1188,6.6,13.71,2.33,0.82,10.6,80,100,11.8,80,合格,4.4,合格,11.87,合格,1.68,合格,BJ230310-LLQXB-04A,BJ230310-LLQXB-04A,48,5.02,12.12,5.33,618.4,232.1,193.5,16.7,1060.7,80.18%,1.57%,2线,12.08
16,16,99,0.865,84.09,24.24,1140,65.99,0.85,0.07,84,0.5,24.2,0.2,1110,200,67,10,11,1,11,0.87,1136,6,13.21,1.5,1.01,10.7,80,100,10,80,合格,6.2,合格,11.81,合格,1.75,合格,BJ230313-LLQXB-02A,BJ230313-LLQXB-02A,53,5.23,11.85,5.37,466.5,175.3,146.3,12.3,800.4,80.18%,1.54%,2线,11.76
17,17,99.4,0.861,83.96,24.21,1114,68.85,0.85,0.07,84,0.5,24.2,0.2,1110,200,67,10,11,1,11,0.873,1122,6,13.22,1.9,0.96,10.4,80,100,10,80,合格,5.5,合格,11.78,合格,2.44,合格,BJ230315-LLQXB-03A,BJ230315-LLQXB-03A,58,4.96,11.99,5.48,537.1,206.8,168.4,13.8,926.1,80.33%,1.49%,2线,11.81
18,18,97.8,0.875,83.85,24.31,1151,68.33,0.85,0.07,84,0.5,24.2,0.2,1110,200,67,10,11,1,11,0.867,1086,6.1,13.18,1.56,0.98,10.6,80,100,10.4,80,合格,5.6,合格,11.75,合格,1.48,合格,BJ230316-LLQXB-02A,BJ230316-LLQXB-02A,61,5.03,11.95,5.54,547.1,234.4,184.8,15.3,981.6,79.61%,1.56%,2线,11.76
19,19,99.8,0.863,83.82,24.17,1110,68.18,0.85,0.07,84,0.5,24.2,0.2,1110,200,67,10,11,1,11,0.861,1092,6,13.3,1.83,1,10.5,80,100,10.3,80,合格,8,合格,11.91,合格,1.67,合格,BJ230317-LLQXB-01A,BJ230317-LLQXB-01A,65,5.21,12.04,5.67,622,238.3,192.3,15.8,1068.4,80.52%,1.48%,2线,11.97
20,20,99.3,0.866,83.99,24.2,1134,65.59,0.85,0.07,84,0.5,24.2,0.2,1110,200,67,10,11,1,11,0.867,1141,6,13.11,1.82,0.92,10.4,80,100,10.2,80,合格,5.3,合格,11.83,合格,1.61,合格,BJ230318-LLQXB-01A,BJ230318-LLQXB-01A,67,5.49,12.11,5.61,720.1,158.1,135.2,13.1,1026.5,85.55%,1.28%,2线,12.12
21,21,99.2,0.866,83.93,24.23,1131,66.13,0.85,0.07,84,0.5,24.2,0.2,1110,200,67,10,11,1,11,0.863,1142,6,13.11,1.91,0.93,10.3,80,100,10.5,80,合格,5.4,合格,11.72,合格,1.38,合格,BJ230318-LLQXB-03A,BJ230318-LLQXB-03A,69,5.47,12,5.66,707.5,158.6,137,12.6,1015.7,85.27%,1.24%,2线,12.04
22,22,97.5,0.866,83.93,24.31,1150,66.51,0.85,0.07,84,0.5,24.2,0.2,1110,200,67,10,11,1,11,0.862,1129,6,12.98,1.77,0.96,10.3,80,100,9.5,80,合格,4.6,合格,11.83,合格,1.73,合格,BJ230318-LLQXB-06A,BJ230318-LLQXB-06A,72,5.15,11.92,5.52,731.8,151.3,124,11.5,1018.6,86.70%,1.13%,2线,11.98
23,23,99.3,0.854,84.03,24.16,1135,65.26,0.85,0.07,84,0.5,24.2,0.2,1110,200,67,10,11,1,11,0.867,1095,6,13.11,1.95,0.98,10.2,80,100,9.8,80,合格,5.8,合格,11.88,合格,1.49,合格,BJ230322-LLQXB-01A,BJ230322-LLQXB-01A,78,5.08,12.06,5.5,622.7,229.4,199.3,14.8,1066.2,79.92%,1.39%,2线,12.05
24,24,98.8,0.858,83.84,24.18,1130,68.04,0.85,0.07,84,0.5,24.2,0.2,1110,200,67,10,11,1,11,0.87,1224,6.8,14.68,2.21,1.08,11.4,80,100,10.4,80,合格,6.9,合格,11.96,合格,1.67,合格,BJ230323-LLQXB-02A,BJ230323-LLQXB-02A,81,5,11.87,5.72,618.3,218.9,189.6,13.8,1040.6,80.45%,1.33%,2线,12.03
25,25,99.8,0.851,83.91,24.21,1131,66.37,0.85,0.07,84,0.5,24.2,0.2,1110,200,67,10,11,1,11,0.871,1071,6.8,14.3,2.12,1.08,11.1,80,100,11.2,80,合格,4.6,合格,12.11,合格,1.81,合格,BJ230324-LLQXB-01A,BJ230324-LLQXB-01A,83,5.03,12.13,5.36,534.5,191.3,163.5,11.8,901.1,80.55%,1.31%,2线,12.11
26,27,99.5,0.849,83.74,24.2,1096,67.77,0.85,0.07,84,0.5,24.2,0.2,1110,200,67,10,11,1,11,0.883,1110,7,14.6,2.23,1.1,11.3,80,100,11.3,80,合格,7.1,合格,11.95,合格,1.98,合格,BJ230324-LLQXB-02A,BJ230324-LLQXB-02A,84,4.95,11.98,5.6,629,225.4,188.7,13.4,1056.5,80.87%,1.27%,2线,12.1
27,26,99.8,0.853,83.93,24.27,1120,65.27,0.85,0.07,84,0.5,24.2,0.2,1110,200,67,10,11,1,11,0.87,1105,6.8,14.82,2.44,1.06,11.3,80,100,10.9,80,合格,6.4,合格,11.92,合格,1.6,合格,BJ230324-LLQXB-03A,BJ230324-LLQXB-03A,85,5.24,12.03,5.44,525.6,229.5,183.4,13,951.5,79.36%,1.37%,2线,11.95
28,28,98.8,0.843,83.86,24.17,1072,68.38,0.85,0.07,84,0.5,24.2,0.2,1110,200,67,10,11,1,11,0.859,1134,6.6,14.45,2.27,1.06,11.1,80,100,10.7,80,合格,6.4,合格,11.94,合格,2.2,合格,BJ230325-LLQXB-02A,BJ230325-LLQXB-02A,2,5.02,12.1,5.42,641.6,142.7,121.2,9.8,915.3,85.69%,1.07%,2线,12
29,29,99.4,0.845,84.05,24.21,1094,66.28,0.85,0.07,84,0.5,24.2,0.2,1110,200,67,10,11,1,11,0.859,1146,6.6,13.98,2.4,1.02,10.6,80,100,10.7,80,合格,6,合格,11.95,合格,1.6,合格,BJ230330-LLQXB-02A,BJ230330-LLQXB-02A,11,4.78,12.26,5.46,549.2,190.5,169.5,12.4,921.6,80.26%,1.35%,2线,12.06
30,30,98.8,0.849,83.76,24.23,1034,68.17,0.85,0.07,84,0.5,24.2,0.2,1110,200,67,10,11,1,11,0.837,1150,6.3,13.49,1.98,0.99,10.5,80,100,10.4,80,合格,6,合格,11.55,合格,1.91,合格,BJ230330-LLQXB-04A,BJ230330-LLQXB-04A,13,4.98,12.06,5.37,723.3,157.6,149,11.6,1041.5,84.58%,1.11%,2线,11.98
31,31,98.8,0.854,84.1,24.16,1138,66.67,0.85,0.07,84,0.5,24.2,0.2,1110,200,67,10,11,1,11,0.836,1132,6.3,14.06,2.21,1.04,10.8,80,100,10.2,80,合格,8.3,合格,11.51,合格,1.91,合格,BJ230331-LLQXB-04A,BJ230331-LLQXB-04A,18,4.87,11.99,5.29,567.6,210.9,185.3,16.5,980.3,79.41%,1.68%,2线,11.84
32,32,99.3,0.853,83.87,24.18,1094,67.97,0.85,0.07,84,0.5,24.2,0.2,1110,200,67,10,11,1,11,0.849,1150,6.4,14.54,2.24,1.1,11.2,80,100,10.8,80,合格,7.3,合格,11.56,合格,2.12,合格,BJ230401-LLQXB-01A,BJ230401-LLQXB-01A,19,5.01,11.97,5.49,556.6,169.3,141.8,11,878.7,82.61%,1.25%,2线,11.85
33,33,99.8,0.85,83.73,24.25,1067,67.98,0.85,0.07,84,0.5,24.2,0.2,1110,200,67,10,11,1,11,0.845,1142,6.5,14.09,2.33,1.04,10.7,80,100,10.1,80,合格,6.9,合格,11.63,合格,2,合格,BJ230401-LLQXB-02A,BJ230401-LLQXB-02A,20,5.45,12.16,5.38,478.9,182.1,158,11.8,830.8,79.56%,1.42%,2线,11.91
34,34,98.8,0.836,83.79,24.19,1058,68.56,0.85,0.07,84,0.5,24.2,0.2,1110,200,67,10,11,1,11,0.849,1137,6.4,14.4,2.34,1.08,11,80,100,10.3,80,合格,4.7,合格,11.67,合格,1.4,合格,BJ230406-LLQXB-01A,BJ230406-LLQXB-01A,26,4.98,11.84,5.81,601.1,224.7,182.1,11.5,1019.4,81.01%,1.13%,2线,12.06
35,35,99.8,0.848,83.87,24.25,1075,65.86,0.85,0.07,84,0.5,24.2,0.2,1110,200,67,10,11,1,11,0.843,1134,6.2,14.28,2.35,1.04,10.9,80,100,10.6,80,合格,5.4,合格,11.86,合格,1.88,合格,BJ230407-LLQXB-02A,BJ230407-LLQXB-02A,32,5.15,12.47,5.51,664.8,222.2,192.9,13.9,1093.8,81.09%,1.27%,2线,12.04
36,36,98.8,0.85,84,24.21,1119,67.08,0.85,0.07,84,0.5,24.2,0.2,1110,200,67,10,11,1,11,0.848,1095,6.3,14.62,2.18,1.06,11.4,80,100,10.5,80,合格,4.6,合格,11.93,合格,1.48,合格,BJ230702-LLQXB-03A,BJ230702-LLQXB-03A,8,5.02,12.12,5.58,617.3,227.3,201.3,17.8,1063.7,79.40%,1.67%,2线,12.25
37,37,99.4,0.847,84.12,24.23,1104,68.96,0.85,0.07,84,0.5,24.2,0.2,1110,200,67,10,11,1,11,0.852,1079,6.4,14.3,2.02,1.03,11.3,80,100,10.9,80,合格,9.5,不合格,11.78,合格,1.45,合格,BJ230702-LLQXB-05A,BJ230702-LLQXB-05A,10,5.05,12.13,5.36,550,224.9,186.3,16.1,977.3,79.29%,1.65%,2线,12.14
38,38,99.6,0.843,83.96,24.34,1072,67.53,0.85,0.07,84,0.5,24.2,0.2,1110,200,67,10,11,1,11,0.846,1082,6.4,14.46,2.1,1.06,11.3,80,100,10.6,80,合格,6.8,合格,11.84,合格,1.79,合格,BJ230702-LLQXB-05A,BJ230702-LLQXB-05A,10,5.05,12.13,5.36,550,224.9,186.3,16.1,977.3,79.29%,1.65%,2线,12.14
39,39,100,0.867,83.99,24.24,1130,69.74,0.85,0.07,84,0.5,24.2,0.2,1110,200,67,10,11,1,11,0.864,1054,6.8,15.44,2.67,1.14,11.6,80,100,11.1,80,合格,6.8,合格,11.84,合格,1.54,合格,BJ230703-LLQXB-02A,BJ230703-LLQXB-02A,12,5.13,12.21,5.28,805.3,196.6,111.4,16.1,1129.4,88.71%,1.43%,2线,12.16
40,40,99.3,0.855,84.06,24.24,1116,69.73,0.85,0.07,84,0.5,24.2,0.2,1110,200,67,10,11,1,11,0.857,1071,6.4,14.66,2.56,1.07,11,80,100,10.9,80,合格,6.3,合格,11.9,合格,2.03,合格,BJ230704-LLQXB-02A,BJ230704-LLQXB-02A,14,5.13,11.9,5.27,504.7,192.7,148.1,11.6,857.1,81.37%,1.35%,2线,12.17
41,41,99.4,0.863,84.01,24.22,1139,69.53,0.85,0.07,84,0.5,24.2,0.2,1110,200,67,10,11,1,11,0.851,1115,6.6,15.17,2.46,1.07,11.6,80,100,11.2,80,合格,5.9,合格,11.92,合格,1.51,合格,BJ230709-LLQXB-02A,BJ230709-LLQXB-02A,16,5.29,11.92,5.3,579.3,203.4,143.5,7,933.2,83.87%,0.75%,1线,12.12
42,42,100,0.857,84.13,24.26,1107,69.03,0.85,0.07,84,0.5,24.2,0.2,1110,200,67,10,11,1,11,0.854,1129,6.5,14.59,2.54,1.06,11,80,100,10.5,80,合格,6.7,合格,12.06,合格,1.64,合格,BJ230710-LLQXB-02A,BJ230710-LLQXB-02A,18,4.78,12.1,5.38,583.3,155.2,108.8,4.9,852.2,86.66%,0.57%,1线,12.24
43,43,97.8,0.852,83.97,24.27,1123,66.3,0.85,0.07,84,0.5,24.2,0.2,1110,200,67,10,11,1,11,0.856,1122,6.5,14.32,2.51,1.06,10.8,80,100,10.7,80,合格,7.2,合格,12.1,合格,1.66,合格,BJ230711-LLQXB-02A,BJ230711-LLQXB-02A,20,4.98,12.07,5.09,551.8,177.2,131.5,6.4,866.9,84.09%,0.74%,1线,12.21
44,44,99.6,0.845,84.05,24.24,1074,68.45,0.85,0.07,84,0.5,24.2,0.2,1110,200,67,10,11,1,11,0.85,1123,6.6,14.58,2.52,1.05,11,80,100,10.7,80,合格,5,合格,12.08,合格,1.53,合格,BJ230712-LLQXB-02A,BJ230712-LLQXB-02A,22,4.89,12.39,5.21,697.1,210.4,160.3,8.3,1076.1,84.33%,0.77%,1线,12.23
45,45,100,0.843,84.11,24.2,1067,65.07,0.85,0.07,84,0.5,24.2,0.2,1110,200,67,10,11,1,11,0.846,1135,6.3,14.34,2.5,1.02,10.8,80,100,10.7,80,合格,4.3,合格,12.21,合格,1.27,合格,BJ230714-LLQXB-02A,BJ230714-LLQXB-02A,25,4.84,12.22,5.13,687.3,199.8,164.1,8.6,1059.8,83.70%,0.81%,1线,12.19
46,46,99.5,0.858,84.08,24.22,1122,69.04,0.85,0.07,84,0.5,24.2,0.2,1110,200,67,10,11,1,11,0.858,1123,6.5,14.69,2.27,1.06,11.4,80,100,10.6,80,合格,5.8,合格,11.88,合格,2.12,合格,BJ230714-LLQXB-03A,BJ230714-LLQXB-03A,26,4.87,12.3,5.27,567.8,210.4,170.4,13.8,962.4,80.86%,1.43%,2线,12.48
47,47,99.8,0.853,84.11,24.25,1110,69.33,0.85,0.07,84,0.5,24.2,0.2,1110,200,67,10,11,1,11,0.852,1125,6.5,14.85,2.55,1.08,11.2,80,100,10.5,80,合格,5.2,合格,12.07,合格,1.5,合格,BJ230714-LLQXB-05A,BJ230714-LLQXB-05A,28,4.87,12.35,5.42,619.5,222,160.4,8.5,1010.4,83.28%,0.84%,1线,12.05
48,48,99.5,0.843,84.09,24.18,1098,69.36,0.85,0.07,84,0.5,24.2,0.2,1110,200,67,10,11,1,11,0.852,1125,6.5,14.85,2.55,1.08,11.2,80,100,10.5,80,合格,4.2,合格,11.78,合格,2.05,合格,BJ230717-LLQXB-02A,BJ230717-LLQXB-02A,30,5.01,12.39,5.14,591.3,191.4,140.2,7.1,930,84.16%,0.76%,1线,12.08
49,49,99.8,0.855,83.97,24.24,1114,67.25,0.85,0.07,84,0.5,24.2,0.2,1110,200,67,10,11,1,11,0.855,1109,6.6,14.76,2.42,1.08,11.3,80,100,10.3,80,合格,5,合格,11.79,合格,1.94,合格,BJ230718-LLQXB-02A,BJ230718-LLQXB-02A,32,5.02,12.17,5.34,649.5,186.5,129.8,6.5,972.3,85.98%,0.67%,1线,12.11
50,50,99.3,0.84,84.06,24.22,1081,66.52,0.85,0.07,84,0.5,24.2,0.2,1110,200,67,10,11,1,11,0.851,1098,6.6,14.64,2.35,1.08,11.2,80,100,9.9,80,合格,6.2,合格,12,合格,1.73,合格,BJ230731-LLQXB-02A,BJ230731-LLQXB-02A,2,4.93,12.46,5.32,589.4,212.3,200.6,16.4,1018.7,78.70%,1.61%,2线,12.26
51,51,99.8,0.843,84.03,24.25,1104,67.44,0.85,0.07,84,0.5,24.2,0.2,1110,200,67,10,11,1,11,0.855,1113,6.4,14.36,2.23,1.05,11.1,80,100,10,80,合格,7,合格,12.03,合格,1.76,合格,BJ230731-LLQXB-02A,BJ230731-LLQXB-02A,2,4.93,12.46,5.32,589.4,212.3,200.6,16.4,1018.7,78.70%,1.61%,2线,12.26
52,52,99.3,0.854,84.07,24.2,1090,69.39,0.85,0.07,84,0.5,24.2,0.2,1110,200,67,10,11,1,11,0.853,1081,6.6,15.03,2.63,1.09,11.3,80,100,10.1,80,合格,8.4,不合格,11.84,合格,1.86,合格,BJ230731-LLQXB-04A,BJ230731-LLQXB-04A,4,4.93,12.19,5.46,626.3,222.1,187.7,15.2,1051.3,80.70%,1.45%,2线,12.13
53,53,100,0.863,83.95,24.24,1151,70.57,0.85,0.07,84,0.5,24.2,0.2,1110,200,67,10,11,1,11,0.861,1091,6.7,14.32,2.15,1.1,11.1,80,100,10,80,合格,5.8,合格,11.7,合格,2.23,合格,BJ230731-LLQXB-05A,BJ230731-LLQXB-05A,5,4.87,11.97,5.28,571.7,216.2,176.1,13.1,977.1,80.64%,1.34%,2线,12.02
54,55,99.4,0.855,84.02,24.21,1108,67.98,0.85,0.07,84,0.5,24.2,0.2,1110,200,67,10,11,1,11,0.854,1098,6.5,14.6,2.24,1.1,11.3,80,100,10.1,80,合格,7.6,合格,12.02,合格,1.78,合格,BJ230801-LLQXB-02A,BJ230801-LLQXB-02A,7,4.93,12.21,5.33,616.7,225.5,199.4,17.8,1059.4,79.50%,1.68%,2线,12.22
55,54,100,0.851,84.11,24.18,1119,69.95,0.85,0.07,84,0.5,24.2,0.2,1110,200,67,10,11,1,11,0.846,1095,6.6,14.68,2.65,1.1,10.9,80,100,10.1,80,合格,7,合格,11.79,合格,2.02,合格,BJ230802-LLQXB-01A,BJ230802-LLQXB-01A,8,4.87,11.98,5.29,639.7,223.3,175.5,13.9,1052.4,82.00%,1.32%,2线,12.03
56,56,100,0.852,84.06,24.21,1115,69.83,0.85,0.07,84,0.5,24.2,0.2,1110,200,67,10,11,1,11,0.851,1090,6.5,14.45,2.4,1.04,11,80,100,10.2,80,合格,6.1,合格,11.8,合格,1.64,合格,BJ230803-LLQXB-01A,BJ230803-LLQXB-01A,10,4.82,12.37,5.43,584.2,220.9,181.1,14.2,1000.4,80.48%,1.42%,2线,12.24
57,57,99.3,0.853,84,24.18,1129,67.44,0.85,0.07,84,0.5,24.2,0.2,1110,200,67,10,11,1,11,0.846,1072,6.5,14.8,2.33,1.06,11.4,80,100,10.1,80,合格,6.6,合格,11.98,合格,1.46,合格,BJ230804-LLQXB-02A,BJ230804-LLQXB-02A,13,4.98,12.23,5.17,589.7,201.7,151.6,10.4,953.4,83.01%,1.09%,2线,12.18
58,58,98.8,0.856,84.15,24.18,1062,63.6,0.85,0.07,84,0.5,24.2,0.2,1110,200,67,10,11,1,11,0.854,1092,6.8,14.17,1.92,1.04,11.2,80,100,10.3,80,合格,5.6,合格,12.22,合格,0.99,合格,BJ230913-LLQXB-01A,BJ230913-LLQXB-01A,1,4.78,12.5,5.09,641.1,199.6,161.7,9.2,1011.6,83.11%,0.91%,1线,12.25
59,59,99.8,0.854,84.09,24.26,1107,67.57,0.85,0.07,84,0.5,24.2,0.2,1110,200,67,10,11,1,11,0.856,1100,6.6,14.96,2.45,1.06,11.5,80,100,10.6,80,合格,7,合格,12.14,合格,1.47,合格,BJ230913-LLQXB-01A,BJ230913-LLQXB-01A,1,4.78,12.5,5.09,641.1,199.6,161.7,9.2,1011.6,83.11%,0.91%,1线,12.25
60,60,99.3,0.85,84.12,24.23,1093,67.04,0.85,0.07,84,0.5,24.2,0.2,1110,200,67,10,11,1,11,0.85,1062,6.6,14.68,2.21,1.05,11.4,80,100,10.6,80,合格,8.4,不合格,12.04,合格,1.1,合格,BJ230913-LLQXB-02A,BJ230913-LLQXB-02A,2,4.75,12.17,5.13,602.4,175.2,128.8,5.3,911.7,85.29%,0.58%,1线,12.04
61,61,100,0.851,84.08,24.28,1110,68.73,0.85,0.07,84,0.5,24.2,0.2,1110,200,67,10,11,1,11,0.85,1107,6.4,14.7,2.33,1.05,11.3,80,100,10.3,80,合格,8,合格,11.91,合格,1.67,合格,BJ230915-LLQXB-01A,BJ230915-LLQXB-01A,4,4.69,12.18,5.25,596.9,156.8,127.9,7.2,888.8,84.80%,0.81%,1线,11.92
62,62,99.3,0.851,84.03,24.29,1128,68.03,0.85,0.07,84,0.5,24.2,0.2,1110,200,67,10,11,1,11,0.851,1113,6.5,14.3,2.25,1.01,11,80,100,10.7,80,合格,6.7,合格,11.92,合格,1.79,合格,BJ230915-LLQXB-01A,BJ230915-LLQXB-01A,4,4.69,12.18,5.25,596.9,156.8,127.9,7.2,888.8,84.80%,0.81%,1线,11.92
63,63,99.6,0.85,84.02,24.24,1100,68.65,0.85,0.07,84,0.5,24.2,0.2,1110,200,67,10,11,1,11,0.852,1145,6.3,13.8,2.17,0.97,10.7,80,100,10.2,80,合格,7.5,合格,11.81,合格,1.56,合格,BJ230915-LLQXB-03A,BJ230915-LLQXB-03A,6,4.97,12,5.21,662.3,1178.9,142.9,7.5,1991.6,92.45%,0.38%,1线,11.88
64,64,99.5,0.854,84.05,24.23,1105,68.44,0.85,0.07,84,0.5,24.2,0.2,1110,200,67,10,11,1,11,0.856,1115,6.5,14.06,1.87,1.02,11.2,80,100,10.3,80,合格,8.2,不合格,12.11,合格,1.47,合格,BJ230918-LLQXB-02A,BJ230918-LLQXB-02A,8,4.98,12.25,5.22,598.7,213.4,147.6,5.1,964.8,84.17%,0.53%,1线,12.04
65,65,100,0.851,84.05,24.26,1096,67.24,0.85,0.07,84,0.5,24.2,0.2,1110,200,67,10,11,1,11,0.853,1109,6.5,13.97,1.95,0.98,11,80,100,10.4,80,合格,8.2,不合格,11.98,合格,1.6,合格,BJ230920-LLQXB-02A,BJ230920-LLQXB-02A,12,5.14,12.2,5.2,585.2,170.6,126.5,6.4,888.7,85.05%,0.72%,1线,12.04
66,66,99.8,0.856,84.06,24.25,1156,67.99,0.855,0.07,84,0.5,24.2,0.2,1140,200,67,10,10,0.9,10,0.861,1156,6.3,13.08,2.1,0.92,10.1,80,100,10.4,80,合格,8.4,不合格,12.22,合格,1.29,合格,BJ231011-LLQXB-01A,BJ231011-LLQXB-01A,1,4.71,12.27,5.14,658.7,200.3,142.5,6.3,1007.8,85.24%,0.63%,2线,12.2
67,68,99.3,0.849,83.96,24.18,1160,70.14,0.855,0.07,84,0.5,24.2,0.2,1140,200,67,10,10,0.9,10,0.848,1156,6.1,13.27,2.06,0.92,10.3,80,100,10.3,80,合格,7.7,合格,12.08,合格,1.26,合格,BJ231011-LLQXB-02A,BJ231011-LLQXB-02A,2,5.18,12.06,5.42,633.5,220.9,196.1,14.4,1064.9,80.23%,1.35%,2线,12.1
68,67,99.4,0.861,84.01,24.27,1173,69.26,0.855,0.07,84,0.5,24.2,0.2,1140,200,67,10,10,0.9,10,0.864,1148,6.3,13.96,2.26,0.93,10.8,80,100,10.8,80,合格,6.8,合格,11.94,合格,1.57,合格,BJ231012-LLQXB-01A,BJ231012-LLQXB-01A,3,5.16,11.93,5.57,548.2,209.6,175.6,12.3,945.7,80.13%,1.30%,2线,11.95
69,69,99.4,0.853,83.92,24.2,1176,70.37,0.855,0.07,84,0.5,24.2,0.2,1140,200,67,10,10,0.9,10,0.862,1162,5.9,12.9,2.11,0.92,9.9,80,100,9.9,80,合格,6.1,合格,11.85,合格,1.45,合格,BJ231013-LLQXB-05A,BJ231013-LLQXB-05A,9,5.07,12.08,5.32,636.1,198.6,161.5,10.4,1006.6,82.92%,1.03%,2线,12.07
70,70,99.4,0.848,83.99,24.19,1152,68.71,0.855,0.07,84,0.5,24.2,0.2,1140,200,67,10,10,0.9,10,0.861,1056,5.7,12.62,1.7,0.88,10,80,100,9.6,80,合格,8.9,不合格,12.13,合格,1.45,合格,BJ231016-LLQXB-06A,BJ231016-LLQXB-06A,15,5.14,11.88,5.51,712.6,214.5,148.1,5.8,1081,85.76%,0.54%,1线,11.85
71,72,99.1,0.85,83.96,24.18,1160,69.33,0.855,0.07,84,0.5,24.2,0.2,1140,200,67,10,10,0.9,10,0.856,1160,6.1,13.46,2.22,0.9,10.3,80,100,10.4,80,合格,4.9,合格,11.92,合格,1.57,合格,BJ231018-LLQXB-04A,BJ231018-LLQXB-04A,23,5.15,12.14,5.32,663.6,187.5,150.3,7.4,1008.8,84.37%,0.73%,1线,12.17
72,71,99.6,0.848,83.87,24.24,1152,68.72,0.855,0.07,84,0.5,24.2,0.2,1140,200,67,10,10,0.9,10,0.857,1165,6.2,13.55,2.12,0.93,10.5,80,100,10.5,80,合格,6.2,合格,11.9,合格,2.63,合格,BJ231019-LLQXB-01A,BJ231019-LLQXB-01A,24,5.1,12.17,5.28,643.6,206.5,156.2,8.2,1014.5,83.79%,0.81%,1线,12.1
73,73,99.6,0.852,83.9,24.26,1156,68.88,0.855,0.07,84,0.5,24.2,0.2,1140,200,67,10,10,0.9,10,0.855,1159,6.1,13.55,1.92,0.92,10.7,80,100,10.5,80,合格,8,合格,11.96,合格,1.56,合格,BJ231019-LLQXB-03A,BJ231019-LLQXB-03A,26,5.21,12.22,5.44,668.2,180.1,137.1,5.5,990.9,85.61%,0.56%,1线,12.17
74,74,99.6,0.849,83.97,24.19,1160,69.11,0.855,0.07,84,0.5,24.2,0.2,1140,200,67,10,10,0.9,10,0.86,1130,6.3,14.02,1.72,0.97,11.3,80,100,10.9,80,合格,5.8,合格,12.06,合格,2.11,合格,BJ231020-LLQXB-04A,BJ231020-LLQXB-04A,30,5.09,12.14,5.46,622,222.9,204.1,17.8,1066.8,79.20%,1.67%,2线,11.97
75,75,99.5,0.863,83.98,24.19,1177,67.91,0.855,0.07,84,0.5,24.2,0.2,1140,200,67,10,10,0.9,10,0.859,1177,6.2,13,1.88,0.86,10.3,80,100,10,80,合格,6.7,合格,11.92,合格,1.56,合格,BJ231020-LLQXB-10A,BJ231020-LLQXB-10A,36,5.41,11.86,5.44,644.6,207.6,167.5,12.2,1031.9,82.59%,1.18%,2线,11.97
76,76,99.5,0.85,83.94,24.2,1160,68.47,0.855,0.07,84,0.5,24.2,0.2,1140,200,67,10,10,0.9,10,0.85,1165,6,13.31,1.54,0.89,10.9,80,100,10.2,80,合格,9.2,不合格,11.96,合格,1.83,合格,BJ231023-LLQXB-02A,BJ231023-LLQXB-02A,41,5.35,11.87,5.53,556.3,170.9,142.3,10.4,879.9,82.65%,1.18%,2线,11.92
77,77,99.4,0.866,83.96,24.21,1175,69.51,0.855,0.07,84,0.5,24.2,0.2,1140,200,67,10,10,0.9,10,0.862,1175,6.3,13.35,2.18,0.92,10.3,80,100,10.3,80,合格,8.4,不合格,11.85,合格,1.43,合格,BJ231025-LLQXB-02A,BJ231025-LLQXB-02A,46,5.28,11.84,5.49,594.7,210.5,172.6,12.6,990.4,81.30%,1.27%,2线,12.08
78,78,99.5,0.857,84.18,24.2,1135,66.1,0.855,0.07,84,0.5,24.2,0.2,1140,200,67,10,10,0.9,10,0.854,1206,6.4,12.76,1.22,0.89,10.7,80,100,9.6,80,合格,6.7,合格,12.05,合格,1.64,合格,BJ231026-LLQXB-03A,BJ231026-LLQXB-03A,51,5.39,12.06,5.44,652.1,211.4,165.4,14.3,1043.2,82.77%,1.37%,2线,12.08
79,83,99.5,0.85,83.99,24.26,1128,68.73,0.855,0.07,84,0.5,24.2,0.2,1140,200,67,10,10,0.9,10,0.84,1128,6,13.28,2.06,0.9,10.3,80,100,10.5,80,合格,5.4,合格,12.09,合格,1.76,合格,BJ231026-LLQXB-04A,BJ231026-LLQXB-04A,52,5.15,11.95,5.38,526.8,198.7,159.3,13.2,898,80.79%,1.47%,2线,12.04
80,79,99.8,0.85,84.02,24.25,1148,69.69,0.855,0.07,84,0.5,24.2,0.2,1140,200,67,10,10,0.9,10,0.857,1150,6.2,13.09,2.09,0.92,10.1,80,100,10.4,80,合格,6.6,合格,12.02,合格,1.12,合格,BJ231129-LLQXB-01A,BJ231129-LLQXB-01A,1,5.45,12.08,5.46,659.5,202.4,144.4,6,1012.3,85.14%,0.59%,1线,12.05
81,80,99.8,0.86,83.91,24.24,1184,69.76,0.855,0.07,84,0.5,24.2,0.2,1140,200,67,10,10,0.9,10,0.866,1184,6,12.76,1.55,0.9,10.3,80,100,10.2,80,合格,4.2,合格,12.19,合格,1.73,合格,BJ231129-LLQXB-01A,BJ231129-LLQXB-01A,1,5.45,12.08,5.46,659.5,202.4,144.4,6,1012.3,85.14%,0.59%,1线,12.05
82,81,99.6,0.851,84.1,24.16,1166,69.13,0.855,0.07,84,0.5,24.2,0.2,1140,200,67,10,10,0.9,10,0.853,1166,6,12.86,1.82,0.9,10.1,80,100,10.3,80,合格,8.2,不合格,12.08,合格,1.61,合格,BJ231130-LLQXB-01A,BJ231130-LLQXB-01A,4,5.36,12.11,5.45,703.3,172.4,140.2,7.5,1023.4,85.57%,0.73%,1线,12.04
83,82,99.5,0.845,84.01,24.24,1130,67.43,0.855,0.07,84,0.5,24.2,0.2,1140,200,67,10,10,0.9,10,0.848,1130,6,13.28,2.16,0.9,10.2,80,100,10.4,80,合格,6.2,合格,12.24,合格,1.56,合格,BJ231130-LLQXB-02A,BJ231130-LLQXB-02A,5,5.32,12.08,5.42,679.8,179.8,152,7.2,1018.8,84.37%,0.71%,1线,12.2
84,84,100,0.851,83.96,24.21,1162,69.43,0.855,0.07,84,0.5,24.2,0.2,1140,200,67,10,10,0.9,10,0.853,1174,6,13.34,1.91,0.9,10.5,80,100,10.8,80,合格,5,合格,12.03,合格,1.75,合格,BJ231204-LLQXB-01A,BJ231204-LLQXB-01A,10,5.27,11.97,5.41,597.8,200.6,160.6,8.2,967.2,82.55%,0.85%,1线,11.93
85,85,100,0.844,84.01,24.26,1150,69.05,0.855,0.07,84,0.5,24.2,0.2,1140,200,67,10,10,0.9,10,0.848,1153,6,12.83,1.84,0.86,10.1,80,100,10.2,80,合格,5.8,合格,11.98,合格,1.88,合格,BJ231205-LLQXB-01A,BJ231205-LLQXB-01A,13,5.36,11.82,5.59,597.6,203.6,151.7,5.9,958.8,83.56%,0.62%,1线,11.87
86,86,99.8,0.867,83.92,24.24,1190,71.17,0.855,0.07,84,0.5,24.2,0.2,1140,200,67,10,10,0.9,10,0.86,1128,6.1,13.36,1.86,0.92,10.6,80,100,10.7,80,合格,4.7,合格,12.11,合格,1.96,合格,BJ231206-LLQXB-02A,BJ231206-LLQXB-02A,16,5.17,12.01,5.39,768.4,242.6,183.7,8.8,1203.5,84.00%,0.73%,1线,11.87
87,87,99.4,0.856,84.05,24.19,1173,69.61,0.855,0.07,84,0.5,24.2,0.2,1140,200,67,10,10,0.9,10,0.853,1152,6.2,13.59,2.17,0.91,10.5,80,100,10.7,80,合格,6,合格,11.73,合格,1.35,合格,BJ231207-LLQXB-02A,BJ231207-LLQXB-02A,18,5.25,11.98,5.53,591.6,213.7,160.8,9.2,975.3,82.57%,0.94%,1线,12.08
88,88,99.6,0.86,83.86,24.28,1180,68.21,0.855,0.07,84,0.5,24.2,0.2,1140,200,67,10,10,0.9,10,0.863,1150,6.2,13.38,2.02,0.92,10.4,80,100,10.3,80,合格,4,合格,12.02,合格,1.78,合格,BJ231208-LLQXB-02A,BJ231208-LLQXB-02A,21,5.26,11.96,5.42,711.6,188.9,154,13,1067.5,84.36%,1.22%,2线,12.04
89,89,99.8,0.853,83.82,24.23,1158,69.44,0.855,0.07,84,0.5,24.2,0.2,1140,200,67,10,10,0.9,10,0.857,1112,6.2,13.34,1.99,0.92,10.4,80,100,10.4,80,合格,5.2,合格,11.78,合格,1.28,合格,BJ231208-LLQXB-05A,BJ231208-LLQXB-05A,24,5.31,12.06,5.52,552.3,191.7,145.6,8.5,898.1,82.84%,0.95%,2线,12.12
90,90,99.6,0.856,83.82,24.28,1168,68.09,0.855,0.07,84,0.5,24.2,0.2,1140,200,67,10,10,0.9,10,0.856,1120,6,13.25,1.87,0.9,10.5,80,100,10.7,80,合格,6.2,合格,11.76,合格,1.59,合格,BJ231211-LLQXB-02A,BJ231211-LLQXB-02A,27,5.08,12.29,5.49,524.9,187.9,151.9,11.4,876.1,81.36%,1.30%,2线,12.18
91,91,99.3,0.857,83.86,24.24,1161,69.43,0.855,0.07,84,0.5,24.2,0.2,1140,200,67,10,10,0.9,10,0.861,1143,6,12.78,1.74,0.9,10.1,80,100,10.3,80,合格,4.7,合格,11.75,合格,1.65,合格,BJ231212-LLQXB-03A,BJ231212-LLQXB-03A,30,5.21,11.85,5.69,596.5,200,161.5,11.4,969.4,82.16%,1.18%,2线,12.04
92,92,99.5,0.856,83.93,24.2,1166,71.02,0.855,0.07,84,0.5,24.2,0.2,1140,200,67,10,10,0.9,10,0.862,1170,6.1,12.24,1.93,0.9,9.4,80,100,10.3,80,合格,5.3,合格,11.85,合格,1.96,合格,BJ231213-LLQXB-02A,BJ231213-LLQXB-02A,32,5.28,12.04,5.7,576.9,181.5,147.6,10.5,916.5,82.75%,1.15%,2线,11.97
93,93,99.6,0.854,83.95,24.23,1176,70.45,0.855,0.07,84,0.5,24.2,0.2,1140,200,67,10,10,0.9,10,0.864,1150,6.1,13.42,1.95,0.94,10.5,80,100,10.6,80,合格,6,合格,11.87,合格,1.51,合格,BJ231214-LLQXB-01A,BJ231214-LLQXB-01A,35,5.27,12.05,5.44,633.6,214.3,162.2,11.9,1022,82.96%,1.16%,2线,12.32
94,94,99.8,0.852,83.91,24.31,1146,69.61,0.855,0.07,84,0.5,24.2,0.2,1140,200,67,10,10,0.9,10,0.846,1151,5.9,13.1,1.79,0.9,10.4,80,100,10.4,80,合格,6.6,合格,11.99,合格,1.28,合格,BJ231214-LLQXB-03A,BJ231214-LLQXB-03A,37,5.16,12.5,5.42,573,230.7,188.9,12.4,1005,79.97%,1.23%,2线,12.2
95,95,99.8,0.85,84,24.22,1170,69.88,0.855,0.07,84,0.5,24.2,0.2,1140,200,67,10,10,0.9,10,0.85,1151,6,13.2,2,0.9,10.3,80,100,10.3,80,合格,5.6,合格,12.15,合格,1.16,合格,BJ231214-LLQXB-04A,BJ231214-LLQXB-04A,38,5.22,12.3,5.78,544.7,185.9,141.1,15.3,887,82.37%,1.72%,2线,12.05
96,96,100,0.85,83.8,24.25,1149,69.29,0.855,0.07,84,0.5,24.2,0.2,1140,200,67,10,10,0.9,10,0.858,1189,6.1,13.3,1.82,0.94,10.5,80,100,10.6,80,合格,6.4,合格,12.01,合格,1.41,合格,BJ231215-LLQXB-03A,BJ231215-LLQXB-03A,41,5.28,12.19,5.64,603.5,211.3,177.7,14.8,1007.3,80.89%,1.47%,2线,12.07
97,97,100,0.85,84,24.22,1149,70.65,0.855,0.07,84,0.5,24.2,0.2,1140,200,67,10,10,0.9,10,0.861,1093,6.1,13.36,1.94,0.96,10.5,80,100,10.3,80,合格,5.6,合格,12.04,合格,1.46,合格,BJ231215-LLQXB-04A,BJ231215-LLQXB-04A,42,5.5,12.19,5.69,567.1,239.5,196.7,15.1,1018.4,79.20%,1.48%,2线,12.02
98,98,99.3,0.845,83.95,24.24,1135,70.59,0.855,0.07,84,0.5,24.2,0.2,1140,200,67,10,10,0.9,10,0.863,1135,6.2,12.86,1.82,0.93,10.1,80,100,10.3,80,合格,4.7,合格,12.16,合格,1.23,合格,BJ231220-LLQXB-01A,BJ231220-LLQXB-01A,45,4.94,12.37,5.77,597.4,237.4,175.4,13,1023.2,81.59%,1.27%,2线,12.2
99,99,99.5,0.844,83.99,24.21,1121,68.86,0.855,0.07,84,0.5,24.2,0.2,1140,200,67,10,10,0.9,10,0.85,1133,6.2,13.14,2.15,0.94,10.1,80,100,10.6,80,合格,6.3,合格,12.24,合格,1.82,合格,BJ231221-LLQXB-01A,BJ231221-LLQXB-01A,46,4.96,12.35,5.51,628.8,163.9,138,10.7,941.4,84.20%,1.14%,2线,12.18
100,100,99.8,0.851,83.9,24.2,1158,69.55,0.855,0.07,84,0.5,24.2,0.2,1140,200,67,10,10,0.9,10,0.839,1135,6,13.12,1.92,0.94,10.3,80,100,10.5,80,合格,6.1,合格,12.3,合格,1.72,合格,BJ231222-LLQXB-02A,BJ231222-LLQXB-02A,48,5.22,12.12,5.82,582.8,222.1,181.3,13.8,1000,80.49%,1.38%,2线,12.15
101,101,99.6,0.853,83.99,24.22,1154,68.97,0.855,0.07,84,0.5,24.2,0.2,1140,200,67,10,10,0.9,10,0.855,1145,6.1,13.26,1.93,0.92,10.4,80,100,10.9,80,合格,5,合格,12.3,合格,1.8,合格,BJ231222-LLQXB-04A,BJ231222-LLQXB-04A,50,5.18,11.81,5.57,609.5,222.2,199.5,15,1046.2,79.50%,1.43%,2线,11.95
102,102,99,0.85,83.99,24.2,1153,70.92,0.855,0.07,84,0.5,24.2,0.2,1140,200,67,10,10,0.9,10,0.85,1158,6.1,12.76,1.6,0.93,10.2,80,100,10.3,80,合格,5.9,合格,11.8,合格,1.96,合格,BJ231226-LLQXB-01A,BJ231226-LLQXB-01A,52,5.19,11.86,5.62,512.9,188.6,168.7,11.9,882.1,79.53%,1.35%,2线,11.87
103,103,99.8,0.852,83.82,24.2,1162,70.39,0.855,0.07,84,0.5,24.2,0.2,1140,200,67,10,10,0.9,10,0.847,1160,6,13.25,2.15,0.89,10.2,80,100,10.5,80,合格,3.9,合格,11.86,合格,1.35,合格,BJ231227-LLQXB-01A,BJ231227-LLQXB-01A,54,5.29,11.97,5.57,579.2,225.8,197.7,14.7,1017.4,79.12%,1.44%,2线,12.07
104,104,99.8,0.854,83.78,24.2,1185,71.64,0.855,0.07,84,0.5,24.2,0.2,1140,200,67,10,10,0.9,10,0.856,1185,6.2,13.44,1.92,0.94,10.6,80,100,10.7,80,合格,4.6,合格,11.83,合格,1.46,合格,BJ240101-LLQXB-01A,BJ240101-LLQXB-01A,1,5.29,12.05,5.7,547.4,239.3,204,14,1004.7,78.30%,1.39%,2线,12.1
105,105,99.6,0.85,84,24.16,1179,69.83,0.855,0.07,84,0.5,24.2,0.2,1140,200,67,10,10,0.9,10,0.85,1176,6,13.12,1.68,0.92,10.5,80,100,10.6,80,合格,4.7,合格,12.1,合格,1.75,合格,BJ240101-LLQXB-03A,BJ240101-LLQXB-03A,3,5.24,12.04,5.6,597.2,260.6,200.9,12.8,1071.5,80.06%,1.19%,2线,12.17
106,106,100,0.853,83.96,24.22,1171,70.09,0.855,0.07,84,0.5,24.2,0.2,1140,200,67,10,10,0.9,10,0.855,1175,6.1,13.12,2.17,0.94,10,80,100,10.6,80,合格,5.6,合格,12.14,合格,1.61,合格,BJ240102-LLQXB-01A,BJ240102-LLQXB-01A,5,5.48,11.92,5.49,541.3,203.6,167.3,11.6,923.8,80.63%,1.26%,2线,12.05
107,107,100,0.847,83.91,24.24,1155,70.06,0.855,0.07,84,0.5,24.2,0.2,1140,200,67,10,10,0.9,10,0.849,1145,6,13.29,1.96,0.94,10.4,80,100,10.5,80,合格,4.6,合格,11.86,合格,1.57,合格,BJ240102-LLQXB-03A,BJ240102-LLQXB-03A,7,5.37,11.96,5.58,465.4,221.3,171,12.2,869.9,78.94%,1.40%,2线,12.03
108,108,99.8,0.849,83.94,24.22,1176,69.7,0.855,0.07,84,0.5,24.2,0.2,1140,200,67,10,10,0.9,10,0.851,1168,5.9,12.86,1.89,0.9,10.1,80,100,10.4,80,合格,5.5,合格,11.79,合格,1.25,合格,BJ240103-LLQXB-02A,BJ240103-LLQXB-02A,9,5.29,11.97,5.59,512.3,220.9,152.3,9.4,894.9,81.93%,1.05%,2线,12.09
109,109,99.6,0.847,83.95,24.23,1139,69.55,0.855,0.07,84,0.5,24.2,0.2,1140,200,67,10,10,0.9,10,0.855,1170,6.1,13.42,2.02,0.94,10.5,80,100,10.7,80,合格,5.6,合格,11.7,合格,1.24,合格,BJ240104-LLQXB-01A,BJ240104-LLQXB-01A,10,5.34,11.87,5.59,601.4,181.7,135.7,5.3,924.1,84.74%,0.57%,1线,12.02
110,110,99.8,0.853,84.03,24.23,1158,69.05,0.855,0.07,84,0.5,24.2,0.2,1140,200,67,10,10,0.9,10,0.846,1180,6,13.36,1.85,0.92,10.6,80,100,11,80,合格,4.8,合格,11.8,合格,1.34,合格,BJ240105-LLQXB-01A,BJ240105-LLQXB-01A,12,5.34,12.07,5.69,571.2,230.2,178.2,11.6,991.2,80.85%,1.17%,2线,12.21
111,111,99.8,0.856,84.06,24.24,1169,70.37,0.855,0.07,84,0.5,24.2,0.2,1140,200,67,10,10,0.9,10,0.867,1160,6.1,12.94,1.82,0.91,10.2,80,100,10.5,80,合格,7.8,合格,11.84,合格,1.23,合格,BJ240105-LLQXB-03A,BJ240105-LLQXB-03A,14,5.15,12.02,5.39,601.6,223.3,171.6,8.7,1005.2,82.06%,0.87%,1线,12.17
112,112,99.8,0.855,84.05,24.24,1155,69.89,0.855,0.07,84,0.5,24.2,0.2,1140,200,67,10,10,0.9,10,0.857,1148,6.2,12.8,1.87,0.9,10,80,100,10.1,80,合格,5,合格,11.69,合格,1.1,合格,BJ240108-LLQXB-02A,BJ240108-LLQXB-02A,17,5.52,11.81,5.5,572.1,183.1,123.4,4.9,883.5,85.48%,0.55%,1线,12.08
113,113,100,0.857,84.05,24.26,1174,70.47,0.855,0.07,84,0.5,24.2,0.2,1140,200,67,10,10,0.9,10,0.865,1143,6.2,12.9,1.84,0.92,10.1,80,100,10.4,80,合格,6.3,合格,11.97,合格,1.14,合格,BJ240110-LLQXB-01A,BJ240110-LLQXB-01A,19,5.48,11.87,5.48,577.6,233.6,175.5,8.8,995.5,81.49%,0.88%,1线,12.07
114,114,99.8,0.862,84.02,24.24,1177,70.88,0.855,0.07,84,0.5,24.2,0.2,1140,200,67,10,10,0.9,10,0.854,1160,6.1,13.32,1.86,0.92,10.5,80,100,10.6,80,合格,5.3,合格,11.78,合格,1.04,合格,BJ240110-LLQXB-03A,BJ240110-LLQXB-03A,21,5.33,11.92,5.59,627.9,218.6,164.8,8.2,1019.5,83.03%,0.80%,1线,12.05
115,115,100,0.848,84.04,24.24,1148,69.64,0.855,0.07,84,0.5,24.2,0.2,1140,200,67,10,10,0.9,10,0.856,1180,6.1,13.51,1.92,0.92,10.7,80,100,10.6,80,合格,4.7,合格,11.73,合格,1.55,合格,BJ240111-LLQXB-01A,BJ240111-LLQXB-01A,22,5.37,11.96,5.62,585.2,234.5,175.7,9,1004.4,81.61%,0.90%,1线,12.12
116,116,100,0.856,84.08,24.25,1165,69.83,0.855,0.07,84,0.5,24.2,0.2,1140,200,67,10,10,0.9,10,0.847,1145,6,13.14,1.77,0.93,10.4,80,100,10.3,80,合格,4.6,合格,11.79,合格,1.23,合格,BJ240111-LLQXB-02A,BJ240111-LLQXB-02A,23,5.47,11.75,5.48,530.1,199.4,135,5.8,870.3,83.82%,0.67%,1线,11.98
117,117,99.6,0.843,83.99,24.22,1158,69.13,0.855,0.07,84,0.5,24.2,0.2,1140,200,67,10,10,0.9,10,0.853,1162,6.1,13.22,1.73,0.93,10.6,80,100,10.6,80,合格,4.8,合格,11.78,合格,1.64,合格,BJ240112-LLQXB-02A,BJ240112-LLQXB-02A,26,5.15,11.7,5.51,530.4,188.8,149.7,7.6,876.5,82.05%,0.87%,1线,11.87
118,118,99.8,0.848,84.05,24.25,1148,69.76,0.855,0.07,84,0.5,24.2,0.2,1140,200,67,10,10,0.9,10,0.848,1158,6,13.14,1.89,0.9,10.4,80,100,10.4,80,合格,5.9,合格,11.79,合格,1.4,合格,BJ240112-LLQXB-05A,BJ240112-LLQXB-05A,29,5.36,11.92,5.55,554.3,181.9,141.4,7.2,884.8,83.21%,0.81%,1线,12.02
119,119,100,0.851,84.04,24.24,1176,70.04,0.855,0.07,84,0.5,24.2,0.2,1140,200,67,10,10,0.9,10,0.851,1160,6,13.02,1.94,0.9,10.2,80,100,10.5,80,合格,5.1,合格,11.81,合格,1.56,合格,BJ240117-LLQXB-02A,BJ240117-LLQXB-02A,32,5.35,11.94,5.59,611.4,195.3,155.4,7.3,969.4,83.22%,0.75%,1线,12.01
120,120,99.5,0.849,83.93,24.22,1165,69.54,0.855,0.07,84,0.5,24.2,0.2,1140,200,67,10,10,0.9,10,0.852,1160,6.1,13.24,1.84,0.91,10.5,80,100,10.4,80,合格,4.3,合格,12.02,合格,1.58,合格,BJ240117-LLQXB-05A,BJ240117-LLQXB-05A,35,5.2,12.1,5.61,723,198.8,146.4,5.9,1074.1,85.82%,0.55%,1线,11.95
121,121,99.6,0.851,83.99,24.23,1143,69.1,0.855,0.07,84,0.5,24.2,0.2,1140,200,67,10,10,0.9,10,0.853,1070,6.2,12.95,1.91,0.88,10.2,80,100,10.5,80,合格,5.4,合格,11.76,合格,1.62,合格,BJ240119-LLQXB-02A,BJ240119-LLQXB-02A,39,5.3,11.97,5.63,584.9,163.7,141.4,8.3,898.3,83.34%,0.92%,1线,11.93
122,122,99.5,0.854,84.05,24.22,1178,70.48,0.855,0.07,84,0.5,24.2,0.2,1140,200,67,10,10,0.9,10,0.849,1162,6.1,13.28,2.02,0.88,10.4,80,100,10.4,80,合格,5.1,合格,12.13,合格,1.51,合格,BJ240119-LLQXB-05A,BJ240119-LLQXB-05A,42,5.43,12.12,5.54,615.3,228.2,173,9.4,1025.9,82.22%,0.92%,1线,11.99
123,123,100,0.853,84.03,24.24,1182,68.66,0.855,0.07,84,0.5,24.2,0.2,1140,200,67,10,10,0.9,10,0.853,1138,6.1,13.01,1.81,0.86,10.3,80,100,10.7,80,合格,5.3,合格,12.01,合格,1.6,合格,BJ240119-LLQXB-08A,BJ240119-LLQXB-08A,45,5.48,11.89,5.45,574.2,238.8,152.9,5.2,971.1,83.72%,0.54%,1线,11.9
124,124,100,0.851,83.97,24.24,1162,67.53,0.855,0.07,84,0.5,24.2,0.2,1140,200,67,10,10,0.9,10,0.845,1150,6.2,13.69,2.15,0.94,10.6,80,100,10.7,80,合格,5.3,合格,11.99,合格,1.63,合格,BJ240123-LLQXB-02A,BJ240123-LLQXB-02A,48,5.34,11.96,5.5,466.7,207.3,154.2,8,836.2,80.60%,0.96%,1线,11.94
125,125,99.3,0.857,84.05,24.23,1188,69.77,0.855,0.07,84,0.5,24.2,0.2,1140,200,67,10,10,0.9,10,0.853,1158,6.2,13.62,1.95,0.92,10.8,80,100,10.8,80,合格,4.8,合格,11.8,合格,1.33,合格,BJ240124-LLQXB-02A,BJ240124-LLQXB-02A,50,5.45,12.07,5.43,581.2,209.8,152.6,6.1,949.7,83.29%,0.64%,1线,12.01
126,126,99.8,0.856,83.86,24.28,1181,67.12,0.855,0.07,84,0.5,24.2,0.2,1140,200,67,10,10,0.9,10,0.856,1150,6,13.51,1.92,0.92,10.67,80,100,10.5,100,合格,6.9,合格,11.83,合格,1.82,合格,BJ240315-LLQXB-02A,BJ240315-LLQXB-02A,2,5.47,11.73,5.7,509.7,230.1,172.3,13.6,925.7,79.92%,1.47%,2线,11.9
127,128,99.8,0.858,83.99,24.22,1168,67.19,0.855,0.07,84,0.5,24.2,0.2,1140,200,67,10,10,0.9,10,0.856,1152,6,13.61,2.26,0.96,10.39,80,100,10.7,100,合格,6.7,合格,11.78,合格,1.82,合格,BJ240315-LLQXB-07A,BJ240315-LLQXB-07A,7,5.68,11.97,5.69,592.3,257.3,202.6,15.4,1067.6,79.58%,1.44%,2线,11.97
128,130,100,0.85,84.06,24.23,1173,67.78,0.855,0.07,84,0.5,24.2,0.2,1140,200,67,10,10,0.9,10,0.851,1176,6,13.45,2.05,0.92,10.48,80,100,10.9,100,合格,6.1,合格,11.81,合格,1.29,合格,BJ240318-LLQXB-04A,BJ240318-LLQXB-04A,11,5.4,11.96,5.5,530.9,215.7,168.9,11.6,927.1,80.53%,1.25%,2线,12.06
129,132,99.8,0.856,84.13,24.22,1182,68.51,0.855,0.07,84,0.5,24.2,0.2,1140,200,67,10,10,0.9,10,0.854,1170,6.2,13.36,1.88,0.95,10.53,80,100,11,100,合格,4.4,合格,11.76,合格,1.38,合格,BJ240319-LLQXB-05A,BJ240319-LLQXB-05A,17,5.28,11.88,5.64,583.2,238.6,189.3,17.5,1028.6,79.90%,1.70%,2线,12.01
130,134,99.5,0.858,84.04,24.24,1181,69.15,0.855,0.07,84,0.5,24.2,0.2,1140,200,67,10,10,0.9,10,0.853,1172,6.2,13.34,1.77,0.96,10.61,80,100,10.9,100,合格,6.1,合格,11.88,合格,1.01,合格,BJ240320-LLQXB-04A,BJ240320-LLQXB-04A,22,5.3,11.7,5.64,575,242.9,175.1,11.5,1004.5,81.42%,1.14%,2线,12.02
131,136,99.3,0.85,84.02,24.24,1164,66.18,0.855,0.07,84,0.5,24.2,0.2,1140,200,67,10,10,0.9,10,0.857,1176,6.2,13.28,2.18,0.95,10.15,80,100,10.3,100,合格,5.4,合格,11.8,合格,1.63,合格,BJ240321-LLQXB-04A,BJ240321-LLQXB-04A,28,5.36,11.82,5.58,607.3,266.6,190.5,13.6,1078,81.07%,1.26%,2线,11.93
132,138,100,0.852,84.08,24.2,1166,65.62,0.855,0.07,84,0.5,24.2,0.2,1140,200,67,10,10,0.9,10,0.845,1186,6.1,13.18,2.18,0.88,10.12,80,100,10.7,100,合格,5.7,合格,11.82,合格,1.86,合格,BJ240322-LLQXB-02A,BJ240322-LLQXB-02A,30,5.31,11.66,5.73,591.5,271.8,163.8,8.9,1036,83.33%,0.86%,2线,11.96
133,140,99.8,0.849,84.11,24.22,1157,67.58,0.855,0.07,84,0.5,24.2,0.2,1140,200,67,10,10,0.9,10,0.855,1150,6.2,12.78,1.87,0.88,10.03,80,100,10.1,100,合格,5.4,合格,11.7,合格,1.61,合格,BJ240322-LLQXB-07A,BJ240322-LLQXB-07A,35,5.33,11.76,5.53,616.3,240.5,179,10.7,1046.5,81.87%,1.02%,2线,11.97
134,141,99,0.851,83.98,24.26,1132,65.81,0.855,0.07,84,0.5,24.2,0.2,1140,200,67,10,10,0.9,10,0.859,1132,6.1,12.82,2,0.9,9.92,80,100,10.2,100,合格,5.5,合格,11.73,合格,1.6,合格,BJ240325-LLQXB-01A,BJ240325-LLQXB-01A,41,5.29,11.76,5.56,527,246.5,186.1,13.2,972.8,79.51%,1.36%,2线,12.08
135,142,99.5,0.855,84.15,24.24,1172,69.29,0.855,0.07,84,0.5,24.2,0.2,1140,200,67,10,10,0.9,10,0.856,1172,6.3,13.19,1.84,0.91,10.44,80,100,10.6,100,合格,3.8,合格,11.88,合格,1.54,合格,BJ240326-LLQXB-03A,BJ240326-LLQXB-03A,45,5.35,11.88,5.6,574.5,250.8,189.4,13.4,1028.1,80.27%,1.30%,2线,12.1
136,143,99.5,0.847,84.04,24.21,1158,67.48,0.855,0.07,84,0.5,24.2,0.2,1140,200,67,10,10,0.9,10,0.85,1143,6.1,12.9,1.83,0.89,10.18,80,100,10.6,100,合格,5.4,合格,11.84,合格,1.86,合格,BJ240331-LLQXB-01A,BJ240331-LLQXB-01A,1,5.11,11.83,5.57,629.1,227.9,152.4,4.5,1013.9,84.53%,0.44%,1线,12.33
137,144,99.5,0.866,84.04,24.25,1187,68.57,0.855,0.07,84,0.5,24.2,0.2,1140,200,67,10,10,0.9,10,0.879,1168,6,13.08,1.87,0.91,10.3,80,100,10.6,100,合格,5.8,合格,11.92,合格,1.91,合格,BJ240331-LLQXB-06A,BJ240331-LLQXB-06A,6,5.11,11.76,5.64,602.5,215.7,160.9,7.9,987,82.90%,0.80%,1线,12.1
138,146,100,0.853,84.01,24.2,1176,68.47,0.855,0.07,84,0.5,24.2,0.2,1140,200,67,10,10,0.9,10,0.856,1141,6.1,13.32,1.93,0.94,10.45,80,100,10.6,100,合格,2.6,合格,11.79,合格,1.56,合格,BJ240401-LLQXB-03A,BJ240401-LLQXB-03A,11,5.25,11.92,5.4,612.6,223.5,159.1,7.1,1002.3,83.42%,0.71%,1线,11.98
139,147,99.8,0.861,84.01,24.26,1159,68.57,0.855,0.07,84,0.5,24.2,0.2,1140,200,67,10,10,0.9,10,0.858,1149,6.1,12.62,1.8,0.93,9.89,80,100,10,100,合格,5.8,合格,11.74,合格,1.04,合格,BJ240407-LLQXB-01A,BJ240407-LLQXB-01A,14,5.02,12.03,5.44,603.9,211,155,6.7,976.6,83.44%,0.69%,1线,12.21
140,148,99.8,0.856,84.01,24.2,1183,68.42,0.855,0.07,84,0.5,24.2,0.2,1140,200,67,10,10,0.9,10,0.849,1202,6.1,12.87,1.81,0.9,10.16,80,100,10.2,100,合格,5.9,合格,11.82,合格,1.77,合格,BJ240407-LLQXB-06A,BJ240407-LLQXB-06A,19,5.31,11.96,5.57,603,221.9,164.1,8.1,997.1,82.73%,0.81%,1线,11.98
141,150,99.8,0.854,84.06,24.18,1170,67.27,0.855,0.07,84,0.5,24.2,0.2,1140,200,67,10,10,0.9,10,0.852,1150,6,13.22,2.17,0.92,10.13,80,100,10.4,100,合格,5.4,合格,11.8,合格,1.19,合格,BJ240407-LLQXB-07A,BJ240407-LLQXB-07A,20,5.32,11.93,5.55,616,239.8,154.1,5.4,1015.3,84.29%,0.53%,1线,12.1
142,152,100,0.86,83.9,24.17,1154,66.07,0.855,0.07,84,0.5,24.2,0.2,1140,200,67,10,10,0.9,10,0.851,1129,6.1,13.05,2.45,0.92,9.68,80,100,10.3,100,合格,5.2,合格,11.79,合格,1.49,合格,BJ240409-LLQXB-04A,BJ240409-LLQXB-04A,30,5.17,11.98,5.46,650.6,239.3,168,6.8,1064.7,83.58%,0.64%,1线,12.01
143,154,100,0.848,83.87,24.26,1139,65.35,0.855,0.07,84,0.5,24.2,0.2,1140,200,67,10,10,0.9,10,0.85,1139,6.1,13.04,2.31,0.88,9.85,80,100,10.5,100,合格,4.2,合格,11.89,合格,1.07,合格,BJ240410-LLQXB-04A,BJ240410-LLQXB-04A,34,5.35,12,5.48,624.6,225.2,145.9,6.1,1001.8,84.83%,0.61%,1线,11.98
144,156,99.6,0.846,83.97,24.22,1104,62.49,0.855,0.07,84,0.5,24.2,0.2,1140,200,67,10,10,0.9,10,0.861,1149,6.1,13.09,1.82,0.92,10.35,80,100,10.5,100,合格,6,合格,11.76,合格,1.66,合格,BJ240411-LLQXB-05A,BJ240411-LLQXB-05A,41,5.11,11.89,5.42,611.4,225.8,162.2,7.2,1006.6,83.17%,0.72%,1线,12.03
145,158,100,0.864,83.94,24.19,1171,64.95,0.855,0.07,84,0.5,24.2,0.2,1140,200,67,10,10,0.9,10,0.852,1153,6.1,13.26,1.82,0.93,10.51,80,100,10.4,100,合格,6.1,合格,12.06,合格,2.02,合格,BJ240412-LLQXB-01A,BJ240412-LLQXB-01A,43,5.37,12.04,5.6,619.8,230.2,147.2,6.5,1003.7,84.69%,0.65%,1线,12.22
146,159,99.8,0.847,83.94,24.18,1127,67.59,0.855,0.07,84,0.5,24.2,0.2,1140,200,67,10,10,0.9,10,0.854,1165,5.9,13.19,1.8,0.94,10.45,80,100,10.5,100,合格,6.6,合格,11.79,合格,1.47,合格,BJ240412-LLQXB-05A,BJ240412-LLQXB-05A,47,5.32,11.76,5.38,619.3,229.8,162,7.3,1018.4,83.38%,0.72%,1线,12.02
147,160,100,0.852,84.05,24.13,1153,66.82,0.855,0.07,84,0.5,24.2,0.2,1140,200,67,10,10,0.9,10,0.848,1130,6,13.22,2,0.91,10.31,80,100,10.4,100,合格,3.96,合格,11.62,合格,1.17,合格,BJ240415-LLQXB-01A,BJ240415-LLQXB-01A,53,5.26,12.02,5.38,613.8,233.5,177.9,8.1,1033.3,82.00%,0.78%,1线,12.04
148,161,99.5,0.851,83.95,24.24,1109,67.52,0.855,0.07,84,0.5,24.2,0.2,1140,200,67,10,10,0.9,10,0.846,1108,6.1,13.07,2.02,0.88,10.17,80,100,10,100,合格,5.6,合格,11.62,合格,1.19,合格,BJ240415-LLQXB-05A,BJ240415-LLQXB-05A,57,5.25,11.99,5.42,619,236.8,170,8.1,1033.9,82.77%,0.78%,1线,12.16
149,162,99.5,0.849,83.88,24.23,1135,66.05,0.855,0.07,84,0.5,24.2,0.2,1140,200,67,10,10,0.9,10,0.853,1110,6.1,13.23,1.84,0.92,10.47,80,100,10.3,100,合格,5.08,合格,11.73,合格,1.13,合格,BJ240416-LLQXB-03A,BJ240416-LLQXB-03A,60,5.23,11.99,5.4,621.7,223.7,151.2,5.5,1002.1,84.36%,0.55%,1线,12.28
